index,Name,Experiment,Delta,0,5,15,30,90,0_delta,5_delta,15_delta,30_delta,90_delta
,A,3,-0.391235855,24.66855167,24.83128326,24.24182664,24.2136573,24.27731581,0,0.162731595,-0.426725024,-0.454894367,-0.391235855
,C,3,-0.157173433,17.14347809,17.07434842,17.013257,17.00483481,16.98630466,0,-0.069129673,-0.130221089,-0.138643274,-0.157173433
,G,3,2.939423213,26.43164166,26.61605931,29.36218145,29.39636206,29.37106488,0,0.184417644,2.930539786,2.964720394,2.939423213
,T,3,-2.391013924,31.75632858,31.47830902,29.38273491,29.38514583,29.36531466,0,-0.278019566,-2.373593672,-2.371182752,-2.391013924
,A,4,-0.162337298,24.48395744,24.36728636,24.29277753,24.33821396,24.32162015,0,-0.116671086,-0.191179917,-0.145743483,-0.162337298
,C,4,-0.08445864,17.08134602,17.01057228,17.01390461,17.00704949,16.99688738,0,-0.070773744,-0.067441414,-0.074296539,-0.08445864
,G,4,2.824297651,26.62771087,29.08807777,29.20339778,29.38951574,29.45200852,0,2.460366897,2.575686913,2.761804865,2.824297651
,T,4,-2.577501713,31.80698566,29.53406359,29.48992008,29.26522082,29.22948395,0,-2.272922067,-2.317065582,-2.541764843,-2.577501713
