index,Name,Experiment,Delta,0,5,15,30,90,0_delta,5_delta,15_delta,30_delta,90_delta
,A,1,-0.198081437,24.52679052,24.80262841,24.28512501,24.36525646,24.32870908,0,0.275837892,-0.241665508,-0.161534056,-0.198081437
,C,1,-0.039017069,17.05986518,16.99062521,17.01267697,16.99118698,17.02084811,0,-0.069239968,-0.047188207,-0.068678198,-0.039017069
,G,1,2.878822418,26.5914704,27.2024407,29.18740579,29.45320596,29.47029281,0,0.610970301,2.595935388,2.861735567,2.878822418
,T,1,-2.641723912,31.82187391,31.00430568,29.51479223,29.19035059,29.18014999,0,-0.817568225,-2.307081673,-2.631523313,-2.641723912
,A,2,-0.39151891,24.67695626,24.56537057,24.31592664,24.285515,24.28543735,0,-0.111585691,-0.361029615,-0.391441252,-0.39151891
,C,2,-0.071062254,17.10448847,16.95779256,17.00431832,16.99216165,17.03342621,0,-0.146695909,-0.100170148,-0.112326813,-0.071062254
,G,2,3.023212401,26.43790276,27.77031423,29.16203633,29.486706,29.46111516,0,1.332411468,2.724133574,3.048803247,3.023212401
,T,2,-2.560631237,31.78065252,30.70652265,29.51771871,29.23561734,29.22002128,0,-1.074129868,-2.262933811,-2.545035182,-2.560631237
