index,Name,Experiment,Delta,0,5,15,30,90,0_delta,5_delta,15_delta,30_delta,90_delta
,A,3,0.183113805,24.7410135,25.23564768,24.80902126,24.83325247,24.9241273,0,0.494634189,0.068007762,0.092238974,0.183113805
,C,3,-0.315131216,17.48375686,17.31967661,17.21968251,17.18991482,17.16862564,0,-0.164080248,-0.26407435,-0.293842037,-0.315131216
,G,3,2.84138641,26.86127456,27.04438264,29.75732391,29.75190168,29.70266097,0,0.183108081,2.896049352,2.890627122,2.84138641
,T,3,-2.709369,30.91395509,30.40029306,28.21397232,28.22493103,28.20458609,0,-0.513662022,-2.699982765,-2.689024059,-2.709369
,A,4,0.182737253,24.8067311,24.87657338,24.95048221,24.96420197,24.98946835,0,0.069842289,0.143751113,0.157470873,0.182737253
,C,4,-0.14962238,17.31038759,17.22001583,17.21875664,17.18189944,17.16076521,0,-0.090371766,-0.091630951,-0.12848815,-0.14962238
,G,4,2.685063845,27.09948813,29.59624325,29.47611882,29.75086993,29.78455198,0,2.496755114,2.376630689,2.651381796,2.685063845
,T,4,-2.718178718,30.78339318,28.30716754,28.35464233,28.10302866,28.06521446,0,-2.476225637,-2.428750851,-2.68036452,-2.718178718
