index,Name,Experiment,Delta,0,5,15,30,90,0_delta,5_delta,15_delta,30_delta,90_delta
,A,1,-0.031578609,25.02522766,25.2075262,24.89868925,24.99741717,24.99364905,0,0.182298538,-0.126538412,-0.027810494,-0.031578609
,C,1,-0.077996117,17.26712404,17.29503148,17.20926081,17.17588468,17.18912792,0,0.027907446,-0.057863226,-0.091239357,-0.077996117
,G,1,2.784828845,27.01555079,27.57439292,29.54895204,29.79852881,29.80037963,0,0.558842131,2.533401248,2.782978024,2.784828845
,T,1,-2.67525412,30.69209752,29.9230494,28.3430979,28.02816934,28.01684339,0,-0.769048115,-2.34899961,-2.663928173,-2.67525412
,A,2,-0.183820581,25.10603855,24.92440011,24.93222389,24.88196741,24.92221797,0,-0.181638436,-0.173814663,-0.224071144,-0.183820581
,C,2,-0.122694206,17.33859378,17.32112556,17.21409174,17.19899283,17.21589957,0,-0.017468217,-0.124502033,-0.139600948,-0.122694206
,G,2,2.948441518,26.85310665,28.13398543,29.50941899,29.84982321,29.80154817,0,1.280878779,2.656312338,2.99671656,2.948441518
,T,2,-2.641926731,30.70226102,29.6204889,28.34426538,28.06921656,28.06033429,0,-1.081772126,-2.357995642,-2.633044468,-2.641926731
